{"critic_losses": [7.100419044494629, 65.02589416503906, 75.56578063964844, 13.465287208557129, 21.5015811920166, 17.355998992919922, 38.18451690673828, 9.27155876159668, 8.728096008300781, 44.221900939941406, 10.63305950164795, 18.373350143432617, 7.376906871795654, 16.551177978515625, 15.829353332519531, 11.054710388183594, 5.897088527679443, 28.761402130126953, 6.354578018188477, 9.892013549804688, 10.863149642944336, 36.1157112121582, 6.34050178527832, 17.485660552978516, 48.105682373046875, 29.860607147216797, 11.937234878540039, 72.89493560791016, 10.709022521972656, 45.5484619140625, 10.781051635742188, 20.117835998535156, 25.232948303222656, 11.9351806640625, 6.9915642738342285, 23.926029205322266, 11.507251739501953, 10.810996055603027, 13.419172286987305, 18.697757720947266, 12.838922500610352, 4.531732082366943, 3.575955390930176, 12.883398056030273, 11.707727432250977, 13.759899139404297, 6.691176414489746, 9.193069458007812, 28.169418334960938, 10.32651138305664, 10.224870681762695, 15.9366455078125, 92.79344940185547, 6.23524284362793, 4.519464492797852, 17.291770935058594, 16.460277557373047, 33.24543762207031, 172.37640380859375, 8.519011497497559, 7.508965015411377, 9.381439208984375, 4.564855575561523, 7.904302597045898, 8.604424476623535, 6.6604766845703125, 5.988132953643799, 83.53102111816406, 10.4405517578125, 4.114315032958984, 14.749208450317383, 6.811531066894531, 7.203951835632324, 18.887922286987305, 4.814119338989258, 7.072207450866699, 5.202852249145508, 6.879991054534912, 10.80823040008545, 9.096368789672852, 6.364768981933594, 6.412991523742676, 4.141842842102051, 5.402219772338867, 41.276668548583984, 7.865416049957275, 24.692947387695312, 6.369524002075195, 17.681407928466797, 54.065555572509766, 18.202260971069336, 14.131233215332031, 7.567234992980957, 33.149925231933594, 5.4535932540893555, 4.3319010734558105, 5.249650001525879, 169.99917602539062, 19.42903709411621], "actor_losses": [10.236684799194336, 20.86060333251953, 18.55770492553711, 19.209388732910156, 16.115915298461914, 12.456295013427734, 7.230709075927734, 10.20504379272461, 0.35759401321411133, 5.768289089202881, -3.6174416542053223, 4.579860210418701, -0.8412913084030151, 0.6964797377586365, 2.7767183780670166, 0.5665241479873657, -2.7069082260131836, 0.16216248273849487, -0.5659651160240173, -4.852900505065918, -0.3065239191055298, -7.9760284423828125, -3.588019609451294, -1.348355770111084, 2.8906068801879883, 0.29472464323043823, -3.462462902069092, 1.6285972595214844, -6.543738842010498, -4.61972713470459, -3.8761980533599854, -5.555865287780762, -1.6466647386550903, -1.3019318580627441, -4.786827564239502, 2.829864263534546, -2.3739633560180664, -4.888802528381348, -9.530120849609375, -7.057506561279297, -9.105778694152832, -9.004735946655273, -9.139256477355957, -6.422700881958008, -5.90078067779541, -7.073461055755615, -8.43002700805664, -6.303344249725342, -10.075929641723633, -8.189635276794434, -6.850336074829102, -4.4725751876831055, -4.765637397766113, -5.5348687171936035, -7.224045276641846, -2.779465436935425, -8.599303245544434, -5.981088161468506, -7.554605484008789, -2.908280372619629, -2.563800811767578, -6.6834611892700195, -1.24064040184021, 2.922797918319702, -1.2418615818023682, 0.8536429405212402, -3.7816624641418457, 0.7822316884994507, 2.606450080871582, -5.465321063995361, 2.843771457672119, -0.024982362985610962, 0.1945044994354248, -0.17471233010292053, 2.2664270401000977, 8.09239673614502, 1.7951908111572266, 5.8164567947387695, 0.5934531092643738, 4.670469760894775, 1.3935118913650513, -3.484908103942871, -0.6297355890274048, 0.899658739566803, -0.48617103695869446, -5.322731971740723, -6.454807758331299, -4.572649002075195, -4.068201065063477, -1.3286950588226318, -3.022317886352539, -2.3630309104919434, -1.2449402809143066, -2.113262414932251, -0.8186255693435669, -2.911454677581787, -5.218332767486572, -2.380805492401123, -4.075310707092285], "rewards_per_step": [-2.209423780441284, -3.586677074432373, -1.940596103668213, -1.7136600017547607, -1.2774308919906616, -1.2090342044830322, -1.6275911331176758, -0.9792587757110596, -0.5701091289520264, -1.0786629915237427, -0.4455234110355377, -1.1650525331497192, -1.3186887502670288, -1.0958304405212402, -0.4765441417694092, -0.5473402738571167, -0.4456235468387604, -0.7265749573707581, -0.7887969017028809, -0.5059611797332764, -0.9830206632614136, -0.025778336450457573, -0.30868950486183167, -1.0230680704116821, -0.7802650928497314, -0.3074779510498047, -0.3833223581314087, -0.17554537951946259, -0.24541962146759033, -0.6822614669799805, -0.2776394486427307, -0.3925097584724426, -0.32051247358322144, -0.6748772263526917, -0.5942858457565308, -0.8464312553405762, -0.33026427030563354, -0.7247167229652405, -0.2117609679698944, -0.5180556178092957, -0.07044299691915512, -0.40505772829055786, -0.3730408549308777, -0.5992470383644104, -0.8051844835281372, -0.14950032532215118, -0.2990803122520447, -0.280327707529068, -0.08015419542789459, -0.2746168375015259, -0.19674745202064514, -0.2815803587436676, -0.15370801091194153, -0.5943118333816528, -0.21692883968353271, -0.23839393258094788, -0.09195075929164886, -0.6156627535820007, -0.33233878016471863, -0.2756009101867676, -0.32769957184791565, -0.01816388964653015, -0.5560274124145508, -0.5733451843261719, -0.09851738065481186, -0.13629215955734253, -0.1540612131357193, -0.5621267557144165, -0.7728792428970337, 0.021322891116142273, -0.5539819598197937, -0.2753812074661255, -0.12357285618782043, -0.5370551347732544, -0.2183072566986084, -0.24616926908493042, -0.313872367143631, -0.24395087361335754, -0.6299691796302795, -0.1178727000951767, 0.03034832328557968, -0.16678917407989502, -0.026353392750024796, -0.22757059335708618, -0.49255144596099854, -0.15048827230930328, -0.14524680376052856, -0.2465151995420456, -0.10426972061395645, -0.37120795249938965, -0.1170516386628151, -0.03903651610016823, -0.27298736572265625, -0.21559476852416992, -0.14297303557395935, -0.283975750207901, -0.25353336334228516, -0.03463149070739746, -0.05993730202317238], "steps": [1001, 2002, 3003, 4004, 5005, 6006, 7007, 8008, 9009, 10010, 11011, 12012, 13013, 14014, 15015, 16016, 17017, 18018, 19019, 20020, 21021, 22022, 23023, 24024, 25025, 26026, 27027, 28028, 29029, 30030, 31031, 32032, 33033, 34034, 35035, 36036, 37037, 38038, 39039, 40040, 41041, 42042, 43043, 44044, 45045, 46046, 47047, 48048, 49049, 50050, 51051, 52052, 53053, 54054, 55055, 56056, 57057, 58058, 59059, 60060, 61061, 62062, 63063, 64064, 65065, 66066, 67067, 68068, 69069, 70070, 71071, 72072, 73073, 74074, 75075, 76076, 77077, 78078, 79079, 80080, 81081, 82082, 83083, 84084, 85085, 86086, 87087, 88088, 89089, 90090, 91091, 92092, 93093, 94094, 95095, 96096, 97097, 98098, 99099],