{"critic_losses": [56.126522064208984, 45.051551818847656, 25.72917366027832, 171.174560546875, 62.754695892333984, 60.07159423828125, 15.004716873168945, 79.54373168945312, 24.02692222595215, 7.847940444946289, 17.897493362426758, 14.87833023071289, 30.587505340576172, 64.8416519165039, 32.121437072753906, 220.36578369140625, 92.99995422363281, 25.55536651611328, 26.30773162841797, 116.71641540527344, 15.374472618103027, 16.566448211669922, 21.650489807128906, 15.167266845703125, 16.246126174926758, 40.709808349609375, 23.501529693603516, 14.356649398803711, 79.10845947265625, 16.94064712524414, 21.776111602783203, 19.657827377319336, 10.239933967590332, 69.30989074707031, 13.77414321899414, 26.101593017578125, 87.26412963867188, 10.915027618408203, 17.221385955810547, 21.610870361328125, 16.008010864257812, 7.7346649169921875, 8.49194049835205, 7.877325057983398, 10.39755916595459, 13.124090194702148, 24.62067413330078, 5.635854721069336, 8.153502464294434, 18.140249252319336, 29.008771896362305, 12.394576072692871, 6.716197490692139, 87.73028564453125, 8.898406982421875, 10.825674057006836, 29.65042495727539, 151.83023071289062, 5.948777198791504, 8.554178237915039, 10.015464782714844, 14.420282363891602, 112.13548278808594, 3.8190484046936035, 7.8748908042907715, 64.5824966430664, 23.834396362304688, 22.765884399414062, 12.816566467285156, 22.60239028930664, 10.76565933227539, 16.971752166748047, 39.41470718383789, 11.319758415222168, 25.32341194152832, 14.962932586669922, 50.26165771484375, 7.95243501663208, 6.606988430023193, 89.2010498046875, 10.490995407104492, 12.637796401977539, 21.49595832824707, 5.4326629638671875, 9.863618850708008, 144.6314697265625, 31.105072021484375, 11.291717529296875, 23.531200408935547, 47.306610107421875, 29.661685943603516, 61.05131530761719, 11.150059700012207, 9.200913429260254, 281.72003173828125, 21.111656188964844, 10.1419095993042, 6.896573543548584, 13.645265579223633], "actor_losses": [8.547503471374512, 13.084020614624023, 17.6777400970459, 20.852083206176758, 15.142183303833008, 15.58716869354248, 17.423892974853516, 27.689590454101562, 15.00400447845459, 12.816021919250488, 13.167110443115234, 3.937140941619873, 8.176717758178711, 2.9969847202301025, 3.691232681274414, 0.7451508641242981, 3.995298147201538, 5.686946392059326, 5.214700698852539, 1.434522032737732, 7.039093017578125, 7.659681797027588, 17.37990379333496, 15.358031272888184, 15.749757766723633, 17.344764709472656, 22.691165924072266, 8.084480285644531, 10.128271102905273, 10.84317398071289, 3.915902853012085, 2.272536516189575, 5.139135360717773, 6.976393699645996, 2.137924909591675, -5.007488250732422, 0.7332500219345093, -0.08517217636108398, -9.688128471374512, -4.843114852905273, -10.504515647888184, -10.192588806152344, -9.925548553466797, -12.845831871032715, -12.566723823547363, -9.734628677368164, -18.316864013671875, -17.09612464904785, -19.650325775146484, -17.56086540222168, -24.0061092376709, -17.75220489501953, -24.301321029663086, -19.17804718017578, -24.506235122680664, -25.181507110595703, -28.04458999633789, -27.518064498901367, -29.165481567382812, -32.66899108886719, -33.349884033203125, -33.673805236816406, -37.64898681640625, -31.93502426147461, -32.98589324951172, -31.823116302490234, -33.51247024536133, -28.881839752197266, -35.028804779052734, -29.850330352783203, -37.53460693359375, -34.843605041503906, -34.694969177246094, -30.800251007080078, -28.813549041748047, -27.110504150390625, -31.758190155029297, -33.23070526123047, -36.89476776123047, -34.104644775390625, -38.27313995361328, -36.45314025878906, -37.194759368896484, -34.55343246459961, -33.90934753417969, -30.1898136138916, -40.15422058105469, -35.07525634765625, -28.249752044677734, -26.291479110717773, -33.723915100097656, -33.10084533691406, -36.03228759765625, -33.39223098754883, -32.85893249511719, -36.0803337097168, -30.92842674255371, -33.34493637084961, -33.80781173706055], "rewards_per_step": [-2.144564390182495, -2.1488535404205322, -1.4975301027297974, -1.3908265829086304, -1.328037142753601, -1.7478740215301514, -1.4772701263427734, -2.5216381549835205, -0.10619455575942993, -0.5401930212974548, -0.9553546905517578, -0.6680527329444885, -1.4641860723495483, -0.32571685314178467, -1.3530302047729492, 0.19466841220855713, -0.909645140171051, -1.687788963317871, -0.6418704986572266, -0.2532556354999542, -0.7716424465179443, -0.4404107630252838, -0.5119059085845947, -0.9401025176048279, -0.5101480484008789, -2.1883933544158936, -1.1662161350250244, -0.2969691753387451, -0.176535964012146, -0.6180784702301025, -0.1425924450159073, -0.11737027764320374, -0.36788514256477356, -0.22085873782634735, -0.3326054513454437, -0.16032803058624268, -0.6077467799186707, -0.3023952841758728, -0.6548330783843994, -0.39011234045028687, -0.7744707465171814, -0.369882732629776, -0.40366318821907043, -0.8045396208763123, -0.23508983850479126, -0.8519695401191711, 0.26187464594841003, -0.32515040040016174, -0.2530132830142975, -0.19033001363277435, -0.4003869593143463, -0.3324429392814636, -0.11256247758865356, -0.6007599830627441, -0.3651302456855774, -0.8016022443771362, -0.022924695163965225, 0.1655091643333435, -0.11033062636852264, -0.20132161676883698, -0.11969149112701416, -0.001677040010690689, -0.5975953936576843, -0.4770476222038269, -0.1789100021123886, -0.44497033953666687, 0.2561076283454895, -0.43290671706199646, -0.26642340421676636, -0.57456374168396, 0.5058119893074036, -0.23807089030742645, -0.08314870297908783, -0.7181415557861328, -0.16472458839416504, -0.3983969986438751, 0.09261363744735718, -0.29808706045150757, -0.12226224690675735, -0.9744479656219482, 0.21282678842544556, -0.4382342994213104, -0.012454008683562279, -0.18373048305511475, -0.4075802266597748, -0.9769779443740845, -0.18591056764125824, 0.0757932960987091, -0.07135853171348572, -0.5247978568077087, -0.49521782994270325, 0.22972813248634338, 0.018347732722759247, -0.4709475040435791, -0.4887387454509735, -0.6708295345306396, -0.1025790274143219, 0.007212381809949875, -0.2881357669830322], "steps": [1001, 2002, 3003, 4004, 5005, 6006, 7007, 8008, 9009, 10010, 11011, 12012, 13013, 14014, 15015, 16016, 17017, 18018, 19019, 20020, 21021, 22022, 23023, 24024, 25025, 26026, 27027, 28028, 29029, 30030, 31031, 32032, 33033, 34034, 35035, 36036, 37037, 38038, 39039, 40040, 41041, 42042, 43043, 44044, 45045, 46046, 47047, 48048, 49049, 50050, 51051, 52052, 53053, 54054, 55055, 56056, 57057, 58058, 59059, 60060, 61061, 62062, 63063, 64064, 65065, 66066, 67067, 68068, 69069, 70070, 71071, 72072, 73073, 74074, 75075, 76076, 77077, 78078, 79079, 80080, 81081, 82082, 83083, 84084, 85085, 86086, 87087, 88088, 89089, 90090, 91091, 92092, 93093, 94094, 95095, 96096, 97097, 98098, 99099],