{"critic_losses": [6.791788101196289, 187.87542724609375, 30.244152069091797, 29.559207916259766, 28.346418380737305, 175.19204711914062, 76.43148803710938, 24.0294189453125, 48.55356216430664, 57.18860626220703, 32.12554168701172, 221.17066955566406, 55.27332305908203, 8.432619094848633, 66.37306213378906, 5.63331413269043, 12.376136779785156, 16.837203979492188, 4.651782035827637, 4.247531890869141, 14.310845375061035, 14.785087585449219, 3.2248597145080566, 4.5446858406066895, 27.11717987060547, 123.98815155029297, 6.044529914855957, 18.73476791381836, 66.20291137695312, 12.113037109375, 11.01543140411377, 13.789941787719727, 10.207769393920898, 7.948547840118408, 9.044798851013184, 3.6229162216186523, 5.973689079284668, 86.43849182128906, 6.94325590133667, 9.876873016357422, 40.802452087402344, 48.961395263671875, 4.6743998527526855, 6.5730299949646, 16.833824157714844, 3.827214241027832, 58.296417236328125, 24.61349868774414, 3.7228574752807617, 13.999720573425293, 11.646405220031738, 10.147626876831055, 5.738636493682861, 60.900936126708984, 3.9689900875091553, 6.114288806915283, 15.792282104492188, 33.36233139038086, 21.853256225585938, 7.836437225341797, 5.192131996154785, 4.674811363220215, 6.107902526855469, 9.877097129821777, 4.133973121643066, 8.57707405090332, 11.015534400939941, 7.094464302062988, 11.79194450378418, 4.375512599945068, 88.82599639892578, 3.6860010623931885, 6.464764595031738, 4.504584312438965, 4.556275844573975, 10.194363594055176, 3.0851759910583496, 6.568103790283203, 5.447225570678711, 21.581302642822266, 6.658550262451172, 28.928489685058594, 13.87537956237793, 4.46750545501709, 6.289366722106934, 3.7433886528015137, 17.323871612548828, 9.562822341918945, 11.838421821594238, 55.805484771728516, 4.874521732330322, 7.964055061340332, 27.50492286682129, 6.521604537963867, 21.757282257080078, 3.240121364593506, 453.14056396484375, 5.637851238250732, 8.64102554321289], "actor_losses": [10.977255821228027, 18.50068473815918, 19.724403381347656, 20.556852340698242, 20.15985107421875, 11.391823768615723, 13.094952583312988, 8.575959205627441, 12.709885597229004, 4.6872968673706055, 15.514934539794922, 10.817987442016602, 12.024928092956543, 10.048198699951172, 8.125919342041016, 5.712491989135742, 12.882574081420898, 2.761488199234009, 3.8447253704071045, 12.969792366027832, 3.7906789779663086, 7.768520832061768, 0.9850425720214844, 9.944839477539062, 4.198291778564453, 6.872989654541016, 10.385856628417969, 8.209264755249023, 3.86922550201416, 15.580804824829102, 8.093544006347656, 3.8958945274353027, 7.806629657745361, 2.1356968879699707, 4.4987030029296875, 2.6049304008483887, 11.811734199523926, 3.0225963592529297, 1.6319763660430908, -0.2026228904724121, -4.25665807723999, -0.07786417007446289, -4.270595550537109, -2.956725835800171, 1.190094232559204, -6.158912658691406, 2.5054802894592285, -0.34053146839141846, -4.003477573394775, -2.6902825832366943, -1.8282396793365479, -5.329812526702881, -7.127701282501221, -0.9228229522705078, -4.156063079833984, 0.6011565327644348, -4.49818229675293, -4.813295364379883, -7.585106372833252, 0.32922714948654175, -6.297776222229004, -4.320580005645752, -8.3818359375, -6.373455047607422, -10.741257667541504, -14.521172523498535, -15.301626205444336, -11.110784530639648, -16.013471603393555, -16.521507263183594, -16.06834602355957, -19.248409271240234, -13.126264572143555, -15.436636924743652, -15.97119140625, -16.341238021850586, -16.642478942871094, -6.58545446395874, -12.012961387634277, -13.435401916503906, -14.804967880249023, -14.263300895690918, -6.0006537437438965, -13.719708442687988, -12.564565658569336, -15.093393325805664, -14.861815452575684, -15.974654197692871, -13.524177551269531, -13.98078727722168, -15.419553756713867, -14.204379081726074, -14.419333457946777, -12.051199913024902, -10.321477890014648, -15.842788696289062, -17.054515838623047, -22.716127395629883, -12.287991523742676], "rewards_per_step": [-3.27278995513916, -3.529242515563965, -2.451575756072998, -1.5370168685913086, -1.4408156871795654, -1.1746418476104736, -2.025670289993286, -2.1014301776885986, -1.5473061800003052, -0.33566582202911377, -0.8902732729911804, -1.4085572957992554, -1.5486810207366943, -0.2957075238227844, -0.41950857639312744, -0.8705108165740967, -0.7009227871894836, 0.010955654084682465, -0.3770912289619446, -1.347164511680603, -0.5046961903572083, -1.0118342638015747, -0.21753889322280884, -0.4689081013202667, -0.5142005085945129, -1.407637119293213, -1.3232886791229248, -0.6508309841156006, -0.35976293683052063, -0.5977852940559387, -0.2064690887928009, -0.5078661441802979, -0.33626773953437805, -0.5003448724746704, -0.37067750096321106, -0.288252055644989, -0.49971285462379456, -0.20427241921424866, -0.1742996722459793, -0.6185662746429443, -0.14059129357337952, -0.6273718476295471, -0.29486048221588135, -0.2603577971458435, -0.26596739888191223, -0.4299895167350769, -0.9942547678947449, -0.7565324306488037, -0.3828347623348236, -0.5086879730224609, -0.28419363498687744, -0.2835739254951477, -0.36608704924583435, -0.27241820096969604, -0.31093108654022217, -0.53290194272995, -0.43504032492637634, -0.6003839373588562, -0.08040255308151245, -0.47756195068359375, -0.21468818187713623, -0.9743324518203735, -0.6169797778129578, -0.05386762320995331, -0.27619221806526184, -0.21087849140167236, -0.2913239896297455, -0.3261643350124359, -0.5214682817459106, -0.2285793423652649, -0.24320559203624725, -0.17061179876327515, -0.2105412781238556, -0.5072678327560425, -0.6129043102264404, -0.05725230649113655, -0.19735932350158691, -0.5074041485786438, -0.19824153184890747, 0.04271862655878067, -0.13748136162757874, -0.18676425516605377, -0.7532683610916138, -0.0889415293931961, -0.7025566101074219, -0.2740638256072998, -0.3809792399406433, -0.22606660425662994, -0.16701488196849823, -0.5744504928588867, -0.2949073314666748, -0.08705294132232666, -0.07016073912382126, -0.4103459119796753, -0.38843071460723877, 0.01910330168902874, -0.4317615032196045, 0.09625974297523499, -0.6725678443908691], "steps": [1001, 2002, 3003, 4004, 5005, 6006, 7007, 8008, 9009, 10010, 11011, 12012, 13013, 14014, 15015, 16016, 17017, 18018, 19019, 20020, 21021, 22022, 23023, 24024, 25025, 26026, 27027, 28028, 29029, 30030, 31031, 32032, 33033, 34034, 35035, 36036, 37037, 38038, 39039, 40040, 41041, 42042, 43043, 44044, 45045, 46046, 47047, 48048, 49049, 50050, 51051, 52052, 53053, 54054, 55055, 56056, 57057, 58058, 59059, 60060, 61061, 62062, 63063, 64064, 65065, 66066, 67067, 68068, 69069, 70070, 71071, 72072, 73073, 74074, 75075, 76076, 77077, 78078, 79079, 80080, 81081, 82082, 83083, 84084, 85085, 86086, 87087, 88088, 89089, 90090, 91091, 92092, 93093, 94094, 95095, 96096, 97097, 98098, 99099],