{"critic_losses": [21.888111114501953, 18.247251510620117, 946.039794921875, 2203.583251953125, 69.7318115234375, 408.2301025390625, 220.96961975097656, 14.596495628356934, 120.84136962890625, 36.023590087890625, 53.83726119995117, 694.9366455078125, 38.26262664794922, 7.886025428771973, 221.590576171875, 37.64386749267578, 15.391570091247559, 28.80364990234375, 82.95535278320312, 8.376690864562988, 22.026832580566406, 35.90827178955078, 11.41286849975586, 42.85415267944336, 263.73309326171875, 37.206809997558594, 21.770381927490234, 49.381534576416016, 19.068538665771484, 66.44934844970703, 19.39276123046875, 470.9985656738281, 22.41321563720703, 16.048324584960938, 43.333152770996094, 189.59524536132812, 5.985732078552246, 8.432035446166992, 12.395132064819336, 21.595293045043945, 15.934775352478027, 23.20138168334961, 9.439247131347656, 21.435855865478516, 18.96276092529297, 80.66683959960938, 23.141117095947266, 58.96748352050781, 29.73366928100586, 254.36102294921875, 24.005794525146484, 11.01063346862793, 126.81916809082031, 12.086343765258789, 9.68803596496582, 14.72690200805664, 197.63284301757812, 11.059885025024414, 29.025686264038086, 6.549953937530518, 6.666321754455566, 7.403859615325928, 16.88657569885254, 221.83546447753906, 322.582763671875, 10.308324813842773, 11.816446304321289, 19.87870979309082, 12.606480598449707, 6.89818811416626, 36.7691650390625, 5.969052314758301, 26.085905075073242, 8.267805099487305, 13.364055633544922, 34.01770782470703, 20.20884895324707, 7.2433977127075195, 8.493256568908691, 40.08225631713867, 4.603375434875488, 6.195201873779297, 22.594192504882812, 13.219321250915527, 20.373476028442383, 491.4475402832031, 250.84054565429688, 441.30316162109375, 5.445280075073242, 12.068292617797852, 9.056232452392578, 6.474532127380371, 8.463303565979004, 35.7119140625, 5.0109052658081055, 9.377538681030273, 13.617688179016113, 4.009502410888672, 8.364358901977539], "actor_losses": [42.77426528930664, 82.91925048828125, 129.17356872558594, 156.4457244873047, 192.10345458984375, 223.02137756347656, 157.62124633789062, 103.41804504394531, 67.46610260009766, 77.2281723022461, 77.70614624023438, 64.95037078857422, 60.0328483581543, 56.52192687988281, 54.21275329589844, 50.43919372558594, 50.032325744628906, 41.180660247802734, 42.08268737792969, 45.00579833984375, 38.76030731201172, 33.62910079956055, 34.839210510253906, 33.91709899902344, 28.81418800354004, 30.455169677734375, 20.78009605407715, 26.20592498779297, 22.845226287841797, 13.866582870483398, 12.738554954528809, 17.94418716430664, 13.258055686950684, 12.996962547302246, 22.129287719726562, 11.206201553344727, 14.522037506103516, 12.941826820373535, 23.59699058532715, 11.391847610473633, 11.40632438659668, 4.810133934020996, 15.876721382141113, 11.628765106201172, 4.34415340423584, 11.89998722076416, 11.612736701965332, 2.837120532989502, 11.315435409545898, 9.083782196044922, 1.2584490776062012, 8.243053436279297, 23.531402587890625, 2.39699649810791, 3.7963948249816895, 7.830447673797607, 3.9804186820983887, 6.029877662658691, 10.054141998291016, 11.24644660949707, 1.4150553941726685, 12.287226676940918, 17.094684600830078, 11.412792205810547, 1.3229389190673828, 10.838753700256348, 11.202213287353516, 9.009699821472168, 2.2662601470947266, 6.012347221374512, 8.396146774291992, -0.46686238050460815, 0.3981337547302246, 3.5244102478027344, -1.14438796043396, 2.789855480194092, 2.009629726409912, -4.771197319030762, 1.3697257041931152, -0.22044968605041504, -1.5474189519882202, -0.8250250816345215, 5.672721862792969, 1.8377560377120972, 4.6816229820251465, 5.816954612731934, -1.5947463512420654, 0.6258467435836792, -3.2838149070739746, 1.2028374671936035, -2.7061994075775146, -0.38971054553985596, 3.040811538696289, -0.8491717576980591, -0.025874674320220947, 4.324581623077393, -0.14115655422210693, -6.157433032989502, 0.07280027866363525], "rewards_per_step": [-9.608871459960938, -9.552894592285156, -11.261548042297363, -10.777737617492676, -8.832723617553711, -9.846431732177734, -8.227617263793945, -8.222618103027344, -6.5972771644592285, -7.603989124298096, -6.740597724914551, -5.810451984405518, -5.711843967437744, -5.612956523895264, -5.5383501052856445, -5.255242824554443, -5.940397262573242, -3.2765774726867676, -3.5791425704956055, -3.8480653762817383, -3.0032520294189453, -3.110520601272583, -3.226372718811035, -3.0824925899505615, -3.10830020904541, -3.040203094482422, -2.2914013862609863, -2.9297003746032715, -2.368821859359741, -1.5822325944900513, -2.5813145637512207, -2.091292381286621, -2.0785529613494873, -2.1149957180023193, -2.7457594871520996, -2.4476680755615234, -2.2987239360809326, -2.368314266204834, -3.404036045074463, -1.7532579898834229, -2.006685972213745, -1.7746199369430542, -1.706786036491394, -2.1137473583221436, -1.1438567638397217, -1.604640245437622, -1.2679009437561035, -1.7997111082077026, -1.899415373802185, -2.056584358215332, -1.4857300519943237, -1.4909917116165161, -2.744030237197876, -0.9844415783882141, -1.1321793794631958, -1.2866179943084717, -0.9472901821136475, -1.2744938135147095, -1.2448673248291016, -1.4606590270996094, -1.269307255744934, -1.2738230228424072, -1.845594048500061, -2.1089956760406494, -2.0486526489257812, -1.6076066493988037, -1.7338240146636963, -1.680299997329712, -0.9274029731750488, -0.9448351860046387, -1.241397500038147, -1.078999638557434, -1.4053515195846558, -1.1974104642868042, -1.0009167194366455, -1.809359073638916, -1.0145137310028076, -0.8886300325393677, -0.9045849442481995, -0.9761857390403748, -0.827908992767334, -1.3599433898925781, -1.6890758275985718, -1.0508222579956055, -1.6620724201202393, -1.4973421096801758, -1.1526801586151123, -1.1816461086273193, -0.5657925605773926, -1.099583387374878, -0.8948102593421936, -1.1610572338104248, -1.2519437074661255, -0.5690951347351074, -0.8324964642524719, -0.8753458261489868, -1.087382197380066, -0.31320706009864807, -0.8687275648117065], "steps": [1001, 2002, 3003, 4004, 5005, 6006, 7007, 8008, 9009, 10010, 11011, 12012, 13013, 14014, 15015, 16016, 17017, 18018, 19019, 20020, 21021, 22022, 23023, 24024, 25025, 26026, 27027, 28028, 29029, 30030, 31031, 32032, 33033, 34034, 35035, 36036, 37037, 38038, 39039, 40040, 41041, 42042, 43043, 44044, 45045, 46046, 47047, 48048, 49049, 50050, 51051, 52052, 53053, 54054, 55055, 56056, 57057, 58058, 59059, 60060, 61061, 62062, 63063, 64064, 65065, 66066, 67067, 68068, 69069, 70070, 71071, 72072, 73073, 74074, 75075, 76076, 77077, 78078, 79079, 80080, 81081, 82082, 83083, 84084, 85085, 86086, 87087, 88088, 89089, 90090, 91091, 92092, 93093, 94094, 95095, 96096, 97097, 98098, 99099],