{"critic_losses": [47.816184997558594, 8.880863189697266, 8.229630470275879, 6.83944034576416, 15.386754035949707, 19.83893394470215, 35.98098373413086, 54.895233154296875, 10.043607711791992, 10.171182632446289, 16.86603355407715, 19.24327850341797, 13.69529914855957, 115.69896697998047, 46.21754455566406, 8.156309127807617, 92.84294128417969, 48.43468475341797, 23.265689849853516, 14.55577278137207, 7.8928327560424805, 16.691192626953125, 7.5550761222839355, 12.315528869628906, 9.155990600585938, 12.80882453918457, 7.451677322387695, 8.424788475036621, 104.45753479003906, 13.202413558959961, 16.983455657958984, 6.6589508056640625, 5.7438273429870605, 11.099176406860352, 6.478612899780273, 16.95164680480957, 8.689970016479492, 52.8338737487793, 12.316929817199707, 37.16411590576172, 22.9117374420166, 4.055735111236572, 6.866799354553223, 5.9991559982299805, 14.842193603515625, 6.927628993988037, 18.245277404785156, 7.05739688873291, 120.81269836425781, 5.522790908813477, 5.115347862243652, 91.53585052490234, 11.397420883178711, 10.741588592529297, 12.57344913482666, 9.949703216552734, 32.65845489501953, 40.41868591308594, 9.164705276489258, 39.20519256591797, 10.73898983001709, 6.050500392913818, 8.089651107788086, 13.253478050231934, 42.16313171386719, 26.895112991333008, 164.59999084472656, 15.380217552185059, 38.385398864746094, 9.337596893310547, 7.415998458862305, 12.472554206848145, 13.511428833007812, 28.76852035522461, 11.7542724609375, 13.158914566040039, 6.410221099853516, 22.054407119750977, 8.424310684204102, 8.800555229187012, 5.68295955657959, 107.56977081298828, 15.905182838439941, 21.580310821533203, 5.5113091468811035, 7.33729362487793, 25.188161849975586, 14.681867599487305, 7.499809265136719, 17.638816833496094, 19.89255714416504, 28.41031837463379, 14.740805625915527, 11.367051124572754, 17.638818740844727, 12.870624542236328, 15.96342945098877, 17.306987762451172, 30.021968841552734], "actor_losses": [18.425025939941406, 19.237804412841797, 21.964794158935547, 14.028803825378418, 15.961767196655273, 16.65411376953125, 8.83143424987793, 24.71016502380371, 2.871856212615967, 8.914565086364746, 9.048090934753418, 5.467845916748047, 3.761486530303955, 0.9452154636383057, 1.9974033832550049, -4.454186916351318, -4.211254596710205, -8.401007652282715, -7.1980695724487305, -13.312215805053711, -8.855754852294922, -3.9230895042419434, -14.421552658081055, -11.006267547607422, -13.146354675292969, -8.140052795410156, -8.46155834197998, -14.92060375213623, -15.548482894897461, -12.935117721557617, -15.957489013671875, -15.672785758972168, -20.687458038330078, -19.607421875, -22.81318473815918, -20.19489097595215, -18.048107147216797, -14.703989028930664, -18.033737182617188, -10.967564582824707, -12.358482360839844, -17.747892379760742, -15.896467208862305, -15.083412170410156, -12.440332412719727, -14.147021293640137, -19.027671813964844, -13.180007934570312, -19.216737747192383, -17.311382293701172, -18.63115692138672, -17.087261199951172, -19.68140983581543, -21.383403778076172, -17.596942901611328, -22.08591651916504, -19.681779861450195, -18.010454177856445, -18.531953811645508, -21.41489028930664, -17.2669734954834, -21.756643295288086, -24.487106323242188, -22.808629989624023, -21.18071746826172, -21.728439331054688, -24.2293758392334, -24.99997329711914, -20.819965362548828, -22.070941925048828, -25.11067008972168, -25.365921020507812, -20.463911056518555, -25.37112808227539, -31.49867820739746, -30.378143310546875, -28.687759399414062, -26.639699935913086, -27.053863525390625, -26.650981903076172, -30.591472625732422, -28.859994888305664, -32.647247314453125, -31.377456665039062, -33.145145416259766, -29.649049758911133, -33.88274002075195, -24.912246704101562, -35.536407470703125, -36.121360778808594, -27.11672592163086, -31.472015380859375, -31.063316345214844, -36.972747802734375, -38.218990325927734, -40.16039276123047, -34.39279556274414, -31.28778076171875, -32.6419563293457], "rewards_per_step": [-4.761295318603516, -3.1839489936828613, -1.8236702680587769, -1.1764552593231201, -2.1511764526367188, -1.329704999923706, -0.9101358652114868, -1.81884765625, -0.35940948128700256, -0.23543623089790344, -0.49938151240348816, -1.1524521112442017, -1.343611717224121, -0.16630738973617554, -1.0087355375289917, -0.4205355644226074, -0.40461766719818115, -0.4614698588848114, -0.44900840520858765, 0.2444203495979309, -0.37551847100257874, -0.21240895986557007, -0.17519915103912354, -0.416871577501297, -0.3730507493019104, -0.4313261806964874, -0.6047130823135376, 0.16240590810775757, -0.9851441979408264, -0.13661456108093262, 0.09641408175230026, -0.6558696031570435, 0.21667487919330597, -0.19246745109558105, 0.010773222893476486, -0.10038696229457855, -0.3113858997821808, -0.2568325996398926, -0.1843900829553604, -1.2008376121520996, -0.39179909229278564, -0.08720797300338745, -0.10002458095550537, -0.04975707456469536, -0.4756358563899994, -0.3007960915565491, 0.17671750485897064, 0.020556803792715073, -0.5228897929191589, 0.01568056270480156, -0.24392633140087128, -0.6885688900947571, 0.06378081440925598, -0.015283599495887756, -0.35216620564460754, -0.18226134777069092, -0.2992415130138397, -0.07425551116466522, -0.1440110057592392, -0.06922006607055664, 0.022844351828098297, -0.04678647220134735, 0.13339748978614807, -0.08227626979351044, -0.1699521690607071, -0.25601136684417725, -0.5140702724456787, 0.2663213610649109, -0.2028360366821289, 0.15318776667118073, -0.0005560256540775299, 0.09770876914262772, 0.03141489624977112, -0.20252272486686707, -0.0637255609035492, 0.058322805911302567, -0.05668698251247406, -0.5466376543045044, 0.017530269920825958, -0.45339933037757874, -0.07182454317808151, -0.9387665390968323, 0.1830129623413086, -0.5218042135238647, 0.31640198826789856, -0.05940501391887665, 0.17535781860351562, -0.5399176478385925, 0.1154949888586998, -0.25479862093925476, -0.38929483294487, -0.12620198726654053, -0.10281623154878616, -0.20743533968925476, -0.03982418403029442, 0.10259045660495758, -0.04578017070889473, 0.444257527589798, -0.5636674761772156], "steps": [1001, 2002, 3003, 4004, 5005, 6006, 7007, 8008, 9009, 10010, 11011, 12012, 13013, 14014, 15015, 16016, 17017, 18018, 19019, 20020, 21021, 22022, 23023, 24024, 25025, 26026, 27027, 28028, 29029, 30030, 31031, 32032, 33033, 34034, 35035, 36036, 37037, 38038, 39039, 40040, 41041, 42042, 43043, 44044, 45045, 46046, 47047, 48048, 49049, 50050, 51051, 52052, 53053, 54054, 55055, 56056, 57057, 58058, 59059, 60060, 61061, 62062, 63063, 64064, 65065, 66066, 67067, 68068, 69069, 70070, 71071, 72072, 73073, 74074, 75075, 76076, 77077, 78078, 79079, 80080, 81081, 82082, 83083, 84084, 85085, 86086, 87087, 88088, 89089, 90090, 91091, 92092, 93093, 94094, 95095, 96096, 97097, 98098, 99099],